time,epoch,batch,loss,cost
0min9sec,0,0,-86.019,73.130
5min35sec,0,100,186.583,47.035
5min14sec,0,200,-19.159,44.492
4min22sec,0,300,-28.371,42.068
4min5sec,0,400,-30.646,39.789
3min57sec,0,500,-46.793,38.451
3min59sec,0,600,-58.712,37.453
4min4sec,0,700,-57.402,36.512
4min12sec,0,800,-58.107,35.701
4min5sec,0,900,-53.798,34.943
3min55sec,0,1000,-50.625,34.211
3min51sec,0,1100,-48.538,33.511
3min54sec,0,1200,-46.449,32.910
3min53sec,0,1300,-43.528,32.327
3min58sec,0,1400,-55.368,31.941
4min1sec,0,1500,-75.999,31.718
3min54sec,0,1600,-73.510,31.323
3min52sec,0,1700,-69.617,30.914
3min50sec,0,1800,-66.503,30.542
3min51sec,0,1900,-63.059,30.169
3min56sec,0,2000,-60.231,29.838
3min53sec,0,2100,-57.370,29.499
3min51sec,0,2200,-55.193,29.198
3min51sec,0,2300,-53.664,28.943
3min53sec,0,2400,-51.555,28.688
3min49sec,0,2500,-50.433,28.457
3min54sec,0,2600,-48.779,28.228
3min51sec,0,2700,-47.359,28.008
3min59sec,0,2800,-46.886,27.830
3min50sec,0,2900,-45.377,27.636
3min50sec,0,3000,-44.939,27.469
3min55sec,0,3100,-44.379,27.300
3min56sec,0,3200,-43.633,27.160
3min47sec,0,3300,-42.516,27.004
4min6sec,0,3400,-42.473,26.883
3min55sec,0,3500,-41.328,26.743
3min57sec,0,3600,-40.268,26.603
3min54sec,0,3700,-39.244,26.468
3min57sec,0,3800,-38.352,26.339
3min54sec,0,3900,-37.563,26.221
3min54sec,0,4000,-36.750,26.102
3min56sec,0,4100,-36.068,25.993
3min57sec,0,4200,-35.471,25.886
3min53sec,0,4300,-35.594,25.788
3min53sec,0,4400,-34.974,25.690
3min52sec,0,4500,-34.489,25.598
3min51sec,0,4600,-33.898,25.505
3min51sec,0,4700,-33.376,25.417
3min47sec,0,4800,-32.977,25.335
3min48sec,0,4900,-32.443,25.246
3min50sec,0,5000,-31.967,25.165
3min48sec,0,5100,-31.438,25.082
3min46sec,0,5200,-30.870,25.003
3min51sec,0,5300,-30.333,24.925
3min51sec,0,5400,-29.983,24.854
3min48sec,0,5500,-29.489,24.791
3min46sec,0,5600,-29.063,24.728
3min46sec,0,5700,-28.587,24.660
3min48sec,0,5800,-28.208,24.597
3min52sec,0,5900,-27.863,24.539
3min53sec,0,6000,-27.416,24.475
3min55sec,0,6100,-27.088,24.415
3min54sec,0,6200,-26.706,24.355
3min56sec,0,6300,-26.328,24.300
3min57sec,0,6400,-26.012,24.244
3min55sec,0,6500,-25.659,24.190
3min53sec,0,6600,-25.356,24.136
3min54sec,0,6700,-25.117,24.086
3min58sec,0,6800,-24.880,24.038
4min1sec,0,6900,-24.725,23.996
3min55sec,0,7000,-24.434,23.947
3min55sec,0,7100,-24.127,23.899
4min0sec,0,7200,-23.871,23.852
3min59sec,0,7300,-23.717,23.810
4min0sec,0,7400,-23.447,23.769
4min9sec,0,7500,-23.366,23.731
3min55sec,0,7600,-23.154,23.692
3min53sec,0,7700,-22.864,23.649
4min1sec,0,7800,-22.648,23.609
3min58sec,0,7900,-22.562,23.575
4min6sec,0,8000,-22.909,23.547
3min56sec,0,8100,-22.642,23.510
3min54sec,0,8200,-22.375,23.474
3min53sec,0,8300,-22.161,23.438
3min55sec,0,8400,-21.970,23.404
3min56sec,0,8500,-21.731,23.370
3min53sec,0,8600,-21.477,23.336
3min51sec,0,8700,-21.239,23.301
3min49sec,0,8800,-21.038,23.267
3min46sec,0,8900,-20.834,23.235
3min46sec,0,9000,-20.632,23.201
3min48sec,0,9100,-20.457,23.172
3min47sec,0,9200,-20.240,23.140
3min52sec,0,9300,-20.069,23.109
3min45sec,0,9400,-19.899,23.080
3min46sec,0,9500,-19.689,23.049
3min47sec,0,9600,-19.516,23.019
3min51sec,0,9700,-19.438,22.991
3min56sec,0,9800,-19.372,22.968
3min50sec,0,9900,-19.207,22.940
23min5sec,1,0,-85.982,20.911
3min45sec,1,100,-34.634,19.966
3min44sec,1,200,-28.737,19.869
3min45sec,1,300,-21.415,19.745
3min45sec,1,400,-17.389,19.676
3min45sec,1,500,-14.246,19.623
3min46sec,1,600,-11.659,19.583
3min44sec,1,700,-9.818,19.552
3min46sec,1,800,-8.258,19.522
3min46sec,1,900,-6.532,19.492
3min46sec,1,1000,-5.212,19.471
3min45sec,1,1100,-4.310,19.456
3min44sec,1,1200,-3.285,19.438
3min45sec,1,1300,-2.512,19.425
3min45sec,1,1400,-1.572,19.409
3min45sec,1,1500,-0.766,19.393
3min46sec,1,1600,0.208,19.380
3min45sec,1,1700,0.845,19.370
3min46sec,1,1800,1.200,19.364
3min44sec,1,1900,1.883,19.353
3min49sec,1,2000,2.589,19.339
3min50sec,1,2100,3.045,19.330
3min51sec,1,2200,3.437,19.324
3min51sec,1,2300,3.959,19.314
3min50sec,1,2400,4.414,19.305
3min50sec,1,2500,4.946,19.295
3min51sec,1,2600,5.433,19.286
3min51sec,1,2700,5.962,19.277
3min50sec,1,2800,6.277,19.270
3min52sec,1,2900,6.614,19.265
3min51sec,1,3000,7.021,19.257
3min51sec,1,3100,7.333,19.252
3min52sec,1,3200,7.635,19.246
3min50sec,1,3300,8.105,19.238
3min50sec,1,3400,8.484,19.230
3min52sec,1,3500,8.855,19.223
3min50sec,1,3600,9.238,19.215
3min50sec,1,3700,9.540,19.210
3min50sec,1,3800,9.873,19.204
3min49sec,1,3900,10.193,19.198
3min50sec,1,4000,10.559,19.191
3min49sec,1,4100,10.955,19.184
3min52sec,1,4200,11.251,19.178
3min51sec,1,4300,11.437,19.174
3min51sec,1,4400,11.712,19.169
3min52sec,1,4500,11.860,19.166
3min50sec,1,4600,12.143,19.161
3min50sec,1,4700,12.403,19.155
3min49sec,1,4800,12.669,19.150
3min51sec,1,4900,12.887,19.146
3min50sec,1,5000,13.123,19.141
3min53sec,1,5100,13.341,19.137
3min51sec,1,5200,13.614,19.132
3min50sec,1,5300,13.865,19.127
3min49sec,1,5400,14.057,19.123
3min49sec,1,5500,14.220,19.120
3min49sec,1,5600,14.443,19.115
3min51sec,1,5700,14.650,19.111
3min50sec,1,5800,14.849,19.106
3min50sec,1,5900,15.077,19.102
3min49sec,1,6000,15.277,19.098
3min50sec,1,6100,15.529,19.093
3min50sec,1,6200,15.705,19.089
3min50sec,1,6300,15.948,19.084
3min50sec,1,6400,16.166,19.080
3min50sec,1,6500,16.414,19.075
3min49sec,1,6600,16.621,19.071
3min50sec,1,6700,16.797,19.067
3min52sec,1,6800,17.019,19.062
3min52sec,1,6900,17.200,19.058
3min51sec,1,7000,17.348,19.055
3min52sec,1,7100,17.541,19.051
3min50sec,1,7200,17.761,19.047
3min50sec,1,7300,17.938,19.043
3min49sec,1,7400,18.122,19.039
3min49sec,1,7500,18.325,19.035
3min49sec,1,7600,18.552,19.030
3min51sec,1,7700,18.728,19.026
3min50sec,1,7800,18.887,19.023
3min50sec,1,7900,19.051,19.019
3min50sec,1,8000,19.212,19.016
3min50sec,1,8100,19.381,19.012
3min51sec,1,8200,19.554,19.009
3min50sec,1,8300,19.706,19.006
3min50sec,1,8400,19.808,19.004
3min50sec,1,8500,19.979,19.000
3min49sec,1,8600,20.095,18.998
3min50sec,1,8700,20.202,18.995
3min50sec,1,8800,20.353,18.993
3min52sec,1,8900,20.521,18.989
3min49sec,1,9000,20.673,18.986
3min50sec,1,9100,20.825,18.982
3min52sec,1,9200,20.970,18.979
3min50sec,1,9300,21.062,18.977
3min50sec,1,9400,21.217,18.974
3min51sec,1,9500,21.321,18.972
3min50sec,1,9600,21.466,18.969
3min50sec,1,9700,21.585,18.966
3min50sec,1,9800,21.739,18.963
3min53sec,1,9900,21.871,18.960
23min10sec,2,0,-34.936,18.780
3min50sec,2,100,-18.551,18.589
3min49sec,2,200,-15.728,18.535
3min50sec,2,300,-16.643,18.542
3min50sec,2,400,-16.235,18.532
3min50sec,2,500,-15.540,18.514
3min51sec,2,600,-14.515,18.497
3min50sec,2,700,-14.162,18.486
3min50sec,2,800,-13.942,18.479
3min52sec,2,900,-13.940,18.480
3min50sec,2,1000,-13.816,18.478
3min49sec,2,1100,-13.172,18.464
3min50sec,2,1200,-12.862,18.460
3min50sec,2,1300,-12.500,18.454
3min50sec,2,1400,-12.227,18.449
3min49sec,2,1500,-11.912,18.444
3min50sec,2,1600,-11.981,18.445
3min50sec,2,1700,-11.738,18.441
3min50sec,2,1800,-11.419,18.436
3min50sec,2,1900,-11.249,18.432
3min50sec,2,2000,-11.079,18.430
3min50sec,2,2100,-10.958,18.429
3min50sec,2,2200,-10.747,18.424
3min50sec,2,2300,-10.567,18.420
3min49sec,2,2400,-10.356,18.417
3min50sec,2,2500,-10.215,18.413
3min50sec,2,2600,-10.014,18.408
3min49sec,2,2700,-9.757,18.403
3min51sec,2,2800,-9.494,18.398
3min51sec,2,2900,-9.392,18.396
3min50sec,2,3000,-9.252,18.393
3min50sec,2,3100,-9.163,18.392
3min50sec,2,3200,-9.027,18.389
3min51sec,2,3300,-8.900,18.387
3min49sec,2,3400,-8.717,18.382
3min50sec,2,3500,-8.562,18.379
3min50sec,2,3600,-8.411,18.376
3min51sec,2,3700,-8.208,18.371
3min49sec,2,3800,-8.111,18.370
3min49sec,2,3900,-7.980,18.367
3min50sec,2,4000,-7.809,18.363
3min49sec,2,4100,-7.634,18.360
3min50sec,2,4200,-7.524,18.357
3min49sec,2,4300,-7.345,18.353
3min50sec,2,4400,-7.199,18.349
3min50sec,2,4500,-7.065,18.347
3min49sec,2,4600,-6.937,18.344
3min50sec,2,4700,-6.874,18.343
3min46sec,2,4800,-6.706,18.339
3min50sec,2,4900,-6.592,18.337
3min50sec,2,5000,-6.484,18.334
3min50sec,2,5100,-6.407,18.332
3min50sec,2,5200,-6.318,18.330
3min50sec,2,5300,-6.209,18.328
3min50sec,2,5400,-6.070,18.324
3min50sec,2,5500,-5.897,18.321
3min50sec,2,5600,-5.741,18.317
3min50sec,2,5700,-5.611,18.314
3min49sec,2,5800,-5.483,18.311
3min50sec,2,5900,-5.342,18.308
3min50sec,2,6000,-5.268,18.307
3min49sec,2,6100,-5.184,18.305
3min49sec,2,6200,-5.086,18.302
3min51sec,2,6300,-4.975,18.300
3min50sec,2,6400,-4.886,18.298
3min49sec,2,6500,-4.761,18.295
3min51sec,2,6600,-4.679,18.293
3min50sec,2,6700,-4.575,18.291
3min49sec,2,6800,-4.507,18.290
3min50sec,2,6900,-4.398,18.287
3min50sec,2,7000,-4.288,18.285
3min50sec,2,7100,-4.208,18.283
3min45sec,2,7200,-4.094,18.280
3min44sec,2,7300,-3.987,18.278
3min44sec,2,7400,-3.909,18.276
3min44sec,2,7500,-3.790,18.274
3min44sec,2,7600,-3.694,18.271
3min43sec,2,7700,-3.607,18.269
3min45sec,2,7800,-3.543,18.268
3min44sec,2,7900,-3.446,18.265
3min45sec,2,8000,-3.365,18.264
3min44sec,2,8100,-3.281,18.262
3min46sec,2,8200,-3.188,18.260
3min50sec,2,8300,-3.098,18.258
3min50sec,2,8400,-3.015,18.256
3min50sec,2,8500,-2.909,18.253
3min49sec,2,8600,-2.816,18.252
3min50sec,2,8700,-2.720,18.249
3min50sec,2,8800,-2.648,18.247
3min50sec,2,8900,-2.574,18.246
3min50sec,2,9000,-2.511,18.245
3min51sec,2,9100,-2.449,18.244
3min50sec,2,9200,-2.384,18.242
3min50sec,2,9300,-2.303,18.240
3min49sec,2,9400,-2.223,18.239
3min50sec,2,9500,-2.147,18.237
3min49sec,2,9600,-2.094,18.235
3min49sec,2,9700,-2.000,18.233
3min45sec,2,9800,-1.931,18.231
3min45sec,2,9900,-1.851,18.229
22min36sec,3,0,-18.037,18.062
3min45sec,3,100,-18.320,18.059
3min44sec,3,200,-16.712,18.065
3min44sec,3,300,-17.061,18.073
3min44sec,3,400,-17.688,18.093
3min46sec,3,500,-17.158,18.086
3min46sec,3,600,-16.875,18.078
3min45sec,3,700,-16.788,18.077
3min43sec,3,800,-16.767,18.078
3min44sec,3,900,-17.276,18.089
3min44sec,3,1000,-17.450,18.092
3min44sec,3,1100,-17.691,18.098
3min47sec,3,1200,-17.472,18.091
3min50sec,3,1300,-17.433,18.090
3min50sec,3,1400,-17.439,18.088
3min50sec,3,1500,-17.489,18.089
3min51sec,3,1600,-17.622,18.092
3min51sec,3,1700,-17.748,18.096
3min52sec,3,1800,-17.721,18.095
3min50sec,3,1900,-17.835,18.099
3min51sec,3,2000,-17.783,18.098
3min51sec,3,2100,-17.697,18.096
3min50sec,3,2200,-17.565,18.094
3min51sec,3,2300,-17.382,18.089
3min52sec,3,2400,-17.335,18.088
3min52sec,3,2500,-17.364,18.088
3min51sec,3,2600,-17.319,18.087
3min51sec,3,2700,-17.236,18.085
3min51sec,3,2800,-17.035,18.081
3min51sec,3,2900,-16.880,18.078
3min51sec,3,3000,-16.766,18.075
3min51sec,3,3100,-16.739,18.075
3min46sec,3,3200,-16.613,18.072
3min46sec,3,3300,-16.597,18.073
3min46sec,3,3400,-16.562,18.072
3min45sec,3,3500,-16.444,18.069
3min46sec,3,3600,-16.364,18.068
3min45sec,3,3700,-16.314,18.066
3min45sec,3,3800,-16.288,18.065
3min46sec,3,3900,-16.295,18.065
3min45sec,3,4000,-16.308,18.065
3min45sec,3,4100,-16.204,18.061
3min46sec,3,4200,-16.225,18.061
3min46sec,3,4300,-16.098,18.059
3min50sec,3,4400,-16.077,18.058
3min52sec,3,4500,-16.045,18.057
3min51sec,3,4600,-15.928,18.055
3min51sec,3,4700,-15.976,18.057
3min51sec,3,4800,-16.001,18.057
3min52sec,3,4900,-15.968,18.057
3min52sec,3,5000,-15.947,18.056
3min51sec,3,5100,-15.915,18.055
3min51sec,3,5200,-15.860,18.054
3min51sec,3,5300,-15.778,18.052
3min50sec,3,5400,-15.720,18.051
3min45sec,3,5500,-15.657,18.050
3min45sec,3,5600,-15.668,18.050
3min45sec,3,5700,-15.612,18.048
3min44sec,3,5800,-15.580,18.048
3min45sec,3,5900,-15.512,18.047
3min44sec,3,6000,-15.436,18.045
3min45sec,3,6100,-15.360,18.044
3min46sec,3,6200,-15.299,18.042
3min45sec,3,6300,-15.229,18.041
3min45sec,3,6400,-15.192,18.039
3min46sec,3,6500,-15.143,18.038
3min45sec,3,6600,-15.082,18.037
3min45sec,3,6700,-15.005,18.036
3min44sec,3,6800,-14.922,18.034
3min46sec,3,6900,-14.860,18.033
3min46sec,3,7000,-14.801,18.032
3min45sec,3,7100,-14.728,18.031
3min45sec,3,7200,-14.665,18.029
3min45sec,3,7300,-14.605,18.028
3min45sec,3,7400,-14.547,18.026
3min46sec,3,7500,-14.495,18.026
3min46sec,3,7600,-14.439,18.025
3min47sec,3,7700,-14.410,18.024
3min46sec,3,7800,-14.327,18.022
3min46sec,3,7900,-14.288,18.021
3min45sec,3,8000,-14.239,18.020
3min45sec,3,8100,-14.153,18.018
3min45sec,3,8200,-14.065,18.016
3min46sec,3,8300,-13.992,18.014
3min45sec,3,8400,-13.896,18.012
3min46sec,3,8500,-13.822,18.010
3min45sec,3,8600,-13.778,18.010
3min45sec,3,8700,-13.735,18.009
3min45sec,3,8800,-13.689,18.008
3min49sec,3,8900,-13.615,18.006
3min51sec,3,9000,-13.550,18.005
3min51sec,3,9100,-13.484,18.003
3min52sec,3,9200,-13.411,18.001
3min51sec,3,9300,-13.361,18.000
3min51sec,3,9400,-13.347,18.000
3min52sec,3,9500,-13.286,17.999
3min51sec,3,9600,-13.230,17.998
3min51sec,3,9700,-13.182,17.996
3min51sec,3,9800,-13.130,17.995
3min51sec,3,9900,-13.069,17.993
23min6sec,4,0,-15.919,17.914
3min50sec,4,100,-12.597,17.841
3min51sec,4,200,-13.087,17.850
3min52sec,4,300,-13.334,17.854
3min52sec,4,400,-13.602,17.871
3min51sec,4,500,-14.065,17.882
3min51sec,4,600,-14.798,17.897
3min51sec,4,700,-14.873,17.904
3min51sec,4,800,-14.927,17.900
3min51sec,4,900,-14.845,17.901
3min52sec,4,1000,-14.846,17.904
3min52sec,4,1100,-14.664,17.899
3min51sec,4,1200,-15.080,17.908
3min51sec,4,1300,-14.970,17.906
3min51sec,4,1400,-14.809,17.902
3min49sec,4,1500,-14.700,17.901
3min51sec,4,1600,-14.659,17.900
3min50sec,4,1700,-14.769,17.903
3min50sec,4,1800,-14.672,17.900
3min50sec,4,1900,-14.549,17.898
3min50sec,4,2000,-14.543,17.897
3min50sec,4,2100,-14.427,17.895
3min49sec,4,2200,-14.295,17.893
3min49sec,4,2300,-14.167,17.892
3min50sec,4,2400,-14.171,17.892
3min50sec,4,2500,-14.117,17.891
3min50sec,4,2600,-14.052,17.890
3min50sec,4,2700,-13.909,17.887
3min50sec,4,2800,-13.803,17.884
3min49sec,4,2900,-13.747,17.882
3min50sec,4,3000,-13.666,17.880
3min49sec,4,3100,-13.617,17.879
3min49sec,4,3200,-13.672,17.881
3min49sec,4,3300,-13.621,17.880
3min50sec,4,3400,-13.579,17.879
3min50sec,4,3500,-13.603,17.881
3min50sec,4,3600,-13.509,17.879
3min49sec,4,3700,-13.461,17.877
3min50sec,4,3800,-13.459,17.877
3min50sec,4,3900,-13.406,17.875
3min49sec,4,4000,-13.336,17.874
3min50sec,4,4100,-13.226,17.871
3min50sec,4,4200,-13.181,17.870
3min50sec,4,4300,-13.118,17.869
3min50sec,4,4400,-13.056,17.868
3min50sec,4,4500,-13.026,17.867
3min49sec,4,4600,-12.969,17.865
3min49sec,4,4700,-12.903,17.864
3min50sec,4,4800,-12.892,17.863
3min50sec,4,4900,-12.859,17.862
3min50sec,4,5000,-12.850,17.863
3min50sec,4,5100,-12.815,17.862
3min49sec,4,5200,-12.773,17.861
3min45sec,4,5300,-12.738,17.860
3min46sec,4,5400,-12.739,17.860
3min45sec,4,5500,-12.777,17.861
3min44sec,4,5600,-12.731,17.860
3min44sec,4,5700,-12.676,17.859
3min43sec,4,5800,-12.615,17.858
3min44sec,4,5900,-12.603,17.857
3min44sec,4,6000,-12.561,17.856
3min44sec,4,6100,-12.504,17.854
3min44sec,4,6200,-12.427,17.852
3min44sec,4,6300,-12.411,17.852
3min44sec,4,6400,-12.374,17.851
3min44sec,4,6500,-12.337,17.851
3min44sec,4,6600,-12.299,17.850
3min44sec,4,6700,-12.250,17.849
3min44sec,4,6800,-12.206,17.849
3min44sec,4,6900,-12.201,17.848
3min44sec,4,7000,-12.166,17.848
3min44sec,4,7100,-12.145,17.848
3min44sec,4,7200,-12.106,17.847
3min44sec,4,7300,-12.065,17.846
3min44sec,4,7400,-12.020,17.845
3min44sec,4,7500,-11.970,17.844
3min44sec,4,7600,-11.949,17.844
3min44sec,4,7700,-11.907,17.843
3min44sec,4,7800,-11.890,17.842
3min44sec,4,7900,-11.901,17.842
3min44sec,4,8000,-11.877,17.842
3min44sec,4,8100,-11.849,17.841
3min44sec,4,8200,-11.820,17.840
3min44sec,4,8300,-11.777,17.839
3min44sec,4,8400,-11.759,17.838
3min44sec,4,8500,-11.741,17.837
3min44sec,4,8600,-11.700,17.836
3min45sec,4,8700,-11.678,17.836
3min44sec,4,8800,-11.653,17.835
3min43sec,4,8900,-11.615,17.835
3min46sec,4,9000,-11.573,17.834
3min49sec,4,9100,-11.536,17.833
3min50sec,4,9200,-11.500,17.832
3min49sec,4,9300,-11.465,17.831
3min49sec,4,9400,-11.436,17.831
3min49sec,4,9500,-11.403,17.831
3min49sec,4,9600,-11.363,17.829
3min50sec,4,9700,-11.339,17.829
3min50sec,4,9800,-11.299,17.828
3min50sec,4,9900,-11.255,17.827
22min58sec,5,0,-12.394,17.648
3min50sec,5,100,-11.165,17.713
3min46sec,5,200,-11.111,17.716
3min50sec,5,300,-11.138,17.722
3min49sec,5,400,-11.901,17.744
3min49sec,5,500,-12.854,17.762
3min50sec,5,600,-12.794,17.765
3min49sec,5,700,-13.015,17.771
3min49sec,5,800,-13.213,17.780
3min50sec,5,900,-13.039,17.777
3min50sec,5,1000,-12.976,17.773
3min49sec,5,1100,-13.071,17.776
3min50sec,5,1200,-12.955,17.771
3min50sec,5,1300,-12.944,17.770
3min50sec,5,1400,-12.941,17.768
3min49sec,5,1500,-12.916,17.769
3min49sec,5,1600,-13.090,17.773
3min49sec,5,1700,-12.972,17.770
3min49sec,5,1800,-12.952,17.770
3min49sec,5,1900,-12.926,17.769
3min49sec,5,2000,-12.917,17.768
3min49sec,5,2100,-12.967,17.770
3min50sec,5,2200,-12.934,17.769
3min49sec,5,2300,-12.858,17.769
3min50sec,5,2400,-12.939,17.770
3min50sec,5,2500,-12.901,17.771
3min49sec,5,2600,-12.902,17.770
3min50sec,5,2700,-12.917,17.770
3min49sec,5,2800,-12.883,17.770
3min50sec,5,2900,-13.021,17.773
3min50sec,5,3000,-13.060,17.774
3min49sec,5,3100,-13.087,17.775
3min49sec,5,3200,-13.067,17.775
3min49sec,5,3300,-12.984,17.773
3min50sec,5,3400,-13.009,17.773
3min50sec,5,3500,-12.941,17.772
3min50sec,5,3600,-12.913,17.770
3min51sec,5,3700,-12.925,17.771
3min50sec,5,3800,-12.900,17.770
3min49sec,5,3900,-12.845,17.769
3min49sec,5,4000,-12.832,17.769
3min49sec,5,4100,-12.825,17.768
3min49sec,5,4200,-12.769,17.766
3min49sec,5,4300,-12.720,17.766
3min49sec,5,4400,-12.682,17.765
3min50sec,5,4500,-12.626,17.764
3min49sec,5,4600,-12.589,17.764
3min49sec,5,4700,-12.546,17.763
3min49sec,5,4800,-12.514,17.762
3min49sec,5,4900,-12.514,17.762
3min49sec,5,5000,-12.494,17.762
3min49sec,5,5100,-12.488,17.762
3min50sec,5,5200,-12.485,17.762
3min50sec,5,5300,-12.442,17.760
3min50sec,5,5400,-12.409,17.760
3min50sec,5,5500,-12.381,17.759
3min49sec,5,5600,-12.360,17.758
3min50sec,5,5700,-12.370,17.759
3min49sec,5,5800,-12.370,17.759
3min50sec,5,5900,-12.365,17.760
3min49sec,5,6000,-12.387,17.760
3min49sec,5,6100,-12.394,17.760
3min50sec,5,6200,-12.346,17.759
3min50sec,5,6300,-12.325,17.759
3min49sec,5,6400,-12.315,17.758
3min50sec,5,6500,-12.269,17.757
3min49sec,5,6600,-12.285,17.758
3min49sec,5,6700,-12.263,17.757
3min50sec,5,6800,-12.222,17.756
3min49sec,5,6900,-12.187,17.755
3min50sec,5,7000,-12.184,17.755
3min49sec,5,7100,-12.166,17.755
3min50sec,5,7200,-12.142,17.754
3min50sec,5,7300,-12.108,17.753
3min49sec,5,7400,-12.090,17.753
3min50sec,5,7500,-12.085,17.752
3min46sec,5,7600,-12.090,17.752
3min49sec,5,7700,-12.102,17.752
3min50sec,5,7800,-12.104,17.753
3min49sec,5,7900,-12.090,17.752
3min49sec,5,8000,-12.069,17.752
3min49sec,5,8100,-12.061,17.752
3min49sec,5,8200,-12.046,17.752
3min49sec,5,8300,-12.077,17.752
3min50sec,5,8400,-12.111,17.753
3min49sec,5,8500,-12.080,17.752
3min49sec,5,8600,-12.065,17.751
3min49sec,5,8700,-12.008,17.750
3min49sec,5,8800,-11.970,17.749
3min49sec,5,8900,-11.925,17.748
3min49sec,5,9000,-11.889,17.747
3min49sec,5,9100,-11.842,17.746
3min49sec,5,9200,-11.816,17.745
3min49sec,5,9300,-11.782,17.744
3min49sec,5,9400,-11.740,17.743
3min49sec,5,9500,-11.719,17.743
3min49sec,5,9600,-11.685,17.742
3min49sec,5,9700,-11.663,17.741
3min49sec,5,9800,-11.632,17.741
3min49sec,5,9900,-11.591,17.740
23min5sec,6,0,-9.871,17.865
3min50sec,6,100,-10.000,17.685
3min49sec,6,200,-10.591,17.710
3min49sec,6,300,-10.526,17.710
3min49sec,6,400,-10.378,17.695
3min50sec,6,500,-10.411,17.686
3min50sec,6,600,-10.648,17.688
3min50sec,6,700,-10.778,17.687
3min50sec,6,800,-11.104,17.693
3min49sec,6,900,-11.030,17.689
3min49sec,6,1000,-10.867,17.685
3min49sec,6,1100,-10.715,17.680
3min49sec,6,1200,-10.586,17.679
3min48sec,6,1300,-10.595,17.680
3min49sec,6,1400,-10.522,17.678
3min49sec,6,1500,-10.358,17.676
3min49sec,6,1600,-10.313,17.674
3min49sec,6,1700,-10.441,17.679
3min49sec,6,1800,-10.689,17.684
3min49sec,6,1900,-10.861,17.689
3min49sec,6,2000,-11.017,17.694
3min49sec,6,2100,-11.084,17.698
3min49sec,6,2200,-11.085,17.698
3min49sec,6,2300,-11.050,17.697
3min51sec,6,2400,-11.169,17.699
3min50sec,6,2500,-11.325,17.703
3min49sec,6,2600,-11.353,17.705
3min49sec,6,2700,-11.311,17.703
3min49sec,6,2800,-11.283,17.702
3min50sec,6,2900,-11.323,17.704
3min50sec,6,3000,-11.293,17.703
3min49sec,6,3100,-11.278,17.702
3min49sec,6,3200,-11.257,17.702
3min50sec,6,3300,-11.176,17.700
3min49sec,6,3400,-11.159,17.699
3min49sec,6,3500,-11.094,17.698
3min50sec,6,3600,-10.990,17.695
3min50sec,6,3700,-10.938,17.693
3min50sec,6,3800,-10.881,17.692
3min50sec,6,3900,-10.813,17.690
3min49sec,6,4000,-10.752,17.689
3min49sec,6,4100,-10.715,17.688
3min50sec,6,4200,-10.717,17.688
3min50sec,6,4300,-10.671,17.687
3min50sec,6,4400,-10.659,17.687
3min50sec,6,4500,-10.645,17.686
3min49sec,6,4600,-10.599,17.685
3min50sec,6,4700,-10.606,17.686
3min50sec,6,4800,-10.576,17.685
3min50sec,6,4900,-10.545,17.684
3min50sec,6,5000,-10.502,17.684
3min50sec,6,5100,-10.488,17.683
3min50sec,6,5200,-10.490,17.683
3min49sec,6,5300,-10.450,17.682
3min50sec,6,5400,-10.423,17.683
3min49sec,6,5500,-10.365,17.681
3min50sec,6,5600,-10.346,17.680
3min50sec,6,5700,-10.337,17.680
3min49sec,6,5800,-10.309,17.679
3min50sec,6,5900,-10.324,17.679
3min46sec,6,6000,-10.320,17.678
3min45sec,6,6100,-10.311,17.678
3min44sec,6,6200,-10.282,17.677
3min44sec,6,6300,-10.255,17.677
3min44sec,6,6400,-10.250,17.676
3min44sec,6,6500,-10.261,17.676
3min44sec,6,6600,-10.227,17.675
3min44sec,6,6700,-10.197,17.674
3min44sec,6,6800,-10.158,17.673
3min44sec,6,6900,-10.148,17.673
3min44sec,6,7000,-10.144,17.673
3min43sec,6,7100,-10.134,17.673
3min44sec,6,7200,-10.099,17.672
3min43sec,6,7300,-10.067,17.671
3min43sec,6,7400,-10.051,17.670
3min45sec,6,7500,-10.056,17.671
3min44sec,6,7600,-10.037,17.670
3min44sec,6,7700,-10.021,17.669
3min47sec,6,7800,-9.999,17.669
3min49sec,6,7900,-9.981,17.669
3min49sec,6,8000,-9.962,17.668
3min49sec,6,8100,-9.939,17.667
3min49sec,6,8200,-9.905,17.666
3min50sec,6,8300,-9.873,17.666
3min50sec,6,8400,-9.849,17.665
3min49sec,6,8500,-9.823,17.665
3min50sec,6,8600,-9.802,17.664
3min50sec,6,8700,-9.775,17.664
3min51sec,6,8800,-9.765,17.664
3min50sec,6,8900,-9.744,17.664
3min51sec,6,9000,-9.719,17.663
3min51sec,6,9100,-9.704,17.662
3min50sec,6,9200,-9.728,17.663
3min51sec,6,9300,-9.712,17.662
3min51sec,6,9400,-9.689,17.662
3min51sec,6,9500,-9.693,17.662
3min51sec,6,9600,-9.678,17.661
3min51sec,6,9700,-9.646,17.660
3min51sec,6,9800,-9.618,17.659
3min51sec,6,9900,-9.584,17.659
22min58sec,7,0,-10.483,17.590
3min51sec,7,100,-7.515,17.547
3min52sec,7,200,-8.891,17.595
3min52sec,7,300,-9.770,17.617
3min51sec,7,400,-9.359,17.607
3min51sec,7,500,-9.084,17.598
3min51sec,7,600,-8.923,17.593
3min51sec,7,700,-8.863,17.595
3min51sec,7,800,-8.773,17.594
3min51sec,7,900,-8.652,17.592
3min51sec,7,1000,-8.633,17.594
3min51sec,7,1100,-8.513,17.590
3min52sec,7,1200,-8.470,17.593
3min51sec,7,1300,-8.452,17.590
3min45sec,7,1400,-8.547,17.592
3min45sec,7,1500,-8.604,17.596
3min45sec,7,1600,-8.741,17.601
3min45sec,7,1700,-8.762,17.599
3min45sec,7,1800,-8.715,17.599
3min44sec,7,1900,-8.819,17.602
3min45sec,7,2000,-8.840,17.602
3min45sec,7,2100,-8.989,17.606
3min45sec,7,2200,-8.926,17.605
3min45sec,7,2300,-8.943,17.605
3min45sec,7,2400,-8.985,17.607
3min45sec,7,2500,-8.945,17.606
3min45sec,7,2600,-8.928,17.605
3min45sec,7,2700,-8.967,17.605
3min45sec,7,2800,-9.067,17.608
3min45sec,7,2900,-9.080,17.607
3min45sec,7,3000,-9.108,17.608
3min45sec,7,3100,-9.135,17.608
3min44sec,7,3200,-9.087,17.606
3min45sec,7,3300,-9.092,17.606
3min45sec,7,3400,-9.051,17.604
3min45sec,7,3500,-9.034,17.604
3min45sec,7,3600,-9.025,17.605
3min44sec,7,3700,-9.025,17.605
3min45sec,7,3800,-9.029,17.605
3min45sec,7,3900,-9.029,17.605
3min45sec,7,4000,-9.004,17.604
3min45sec,7,4100,-8.951,17.604
3min44sec,7,4200,-8.919,17.603
3min45sec,7,4300,-8.870,17.601
3min45sec,7,4400,-8.871,17.601
3min44sec,7,4500,-8.867,17.601
3min45sec,7,4600,-8.863,17.600
3min45sec,7,4700,-8.833,17.599
3min45sec,7,4800,-8.820,17.599
3min45sec,7,4900,-8.816,17.599
3min51sec,7,5000,-8.765,17.597
3min51sec,7,5100,-8.732,17.596
3min51sec,7,5200,-8.684,17.595
3min50sec,7,5300,-8.642,17.593
3min51sec,7,5400,-8.627,17.593
3min51sec,7,5500,-8.640,17.594
3min51sec,7,5600,-8.623,17.593
3min51sec,7,5700,-8.583,17.592
3min51sec,7,5800,-8.557,17.592
3min51sec,7,5900,-8.556,17.591
3min51sec,7,6000,-8.530,17.591
3min51sec,7,6100,-8.505,17.590
3min50sec,7,6200,-8.479,17.589
3min51sec,7,6300,-8.430,17.588
3min52sec,7,6400,-8.399,17.587
3min52sec,7,6500,-8.402,17.587
3min51sec,7,6600,-8.404,17.587
3min51sec,7,6700,-8.405,17.587
3min51sec,7,6800,-8.381,17.587
3min51sec,7,6900,-8.357,17.586
3min51sec,7,7000,-8.336,17.586
3min50sec,7,7100,-8.333,17.586
3min51sec,7,7200,-8.312,17.585
3min50sec,7,7300,-8.294,17.584
3min51sec,7,7400,-8.283,17.584
3min51sec,7,7500,-8.273,17.584
3min52sec,7,7600,-8.248,17.584
3min51sec,7,7700,-8.229,17.583
3min51sec,7,7800,-8.194,17.582
3min51sec,7,7900,-8.177,17.582
3min50sec,7,8000,-8.147,17.581
3min50sec,7,8100,-8.153,17.581
3min51sec,7,8200,-8.137,17.581
3min50sec,7,8300,-8.124,17.581
3min51sec,7,8400,-8.121,17.581
3min51sec,7,8500,-8.112,17.581
3min51sec,7,8600,-8.106,17.581
3min51sec,7,8700,-8.088,17.580
3min51sec,7,8800,-8.080,17.580
3min51sec,7,8900,-8.060,17.580
3min51sec,7,9000,-8.049,17.579
3min51sec,7,9100,-8.031,17.579
3min51sec,7,9200,-8.015,17.579
3min51sec,7,9300,-7.995,17.578
3min52sec,7,9400,-7.970,17.577
3min51sec,7,9500,-7.937,17.576
3min51sec,7,9600,-7.913,17.576
3min51sec,7,9700,-7.891,17.575
3min48sec,7,9800,-7.879,17.575
3min45sec,7,9900,-7.852,17.574
22min46sec,8,0,-7.138,17.616
3min51sec,8,100,-10.027,17.573
3min50sec,8,200,-8.969,17.555
3min50sec,8,300,-9.631,17.559
3min51sec,8,400,-9.223,17.541
3min50sec,8,500,-8.997,17.538
3min51sec,8,600,-9.166,17.543
3min51sec,8,700,-9.840,17.560
3min51sec,8,800,-9.646,17.557
3min51sec,8,900,-9.678,17.557
3min51sec,8,1000,-9.562,17.555
3min51sec,8,1100,-9.385,17.550
3min51sec,8,1200,-9.326,17.548
3min51sec,8,1300,-9.365,17.549
3min50sec,8,1400,-9.207,17.545
3min50sec,8,1500,-9.125,17.545
3min51sec,8,1600,-9.031,17.543
3min50sec,8,1700,-9.058,17.546
3min50sec,8,1800,-9.195,17.550
3min50sec,8,1900,-9.194,17.552
3min49sec,8,2000,-9.333,17.555
3min50sec,8,2100,-9.277,17.553
3min50sec,8,2200,-9.322,17.554
3min50sec,8,2300,-9.281,17.553
3min50sec,8,2400,-9.264,17.553
3min49sec,8,2500,-9.230,17.551
3min50sec,8,2600,-9.193,17.551
3min50sec,8,2700,-9.123,17.548
3min50sec,8,2800,-9.103,17.548
3min49sec,8,2900,-9.049,17.547
3min50sec,8,3000,-9.030,17.546
3min49sec,8,3100,-9.022,17.546
3min50sec,8,3200,-8.987,17.545
3min49sec,8,3300,-9.008,17.545
3min50sec,8,3400,-9.068,17.547
3min50sec,8,3500,-9.100,17.548
3min49sec,8,3600,-9.079,17.547
3min50sec,8,3700,-9.114,17.547
3min50sec,8,3800,-9.119,17.547
3min50sec,8,3900,-9.102,17.547
3min50sec,8,4000,-9.063,17.545
3min50sec,8,4100,-9.042,17.545
3min49sec,8,4200,-9.062,17.545
3min49sec,8,4300,-9.055,17.546
3min45sec,8,4400,-9.022,17.545
3min44sec,8,4500,-9.004,17.544
3min44sec,8,4600,-9.030,17.545
3min44sec,8,4700,-9.023,17.544
3min44sec,8,4800,-9.009,17.544
3min44sec,8,4900,-8.981,17.543
3min44sec,8,5000,-8.951,17.543
3min44sec,8,5100,-8.936,17.543
3min44sec,8,5200,-8.903,17.541
3min44sec,8,5300,-8.874,17.540
3min44sec,8,5400,-8.839,17.539
3min44sec,8,5500,-8.808,17.538
3min44sec,8,5600,-8.806,17.538
3min44sec,8,5700,-8.791,17.538
3min44sec,8,5800,-8.803,17.539
3min44sec,8,5900,-8.787,17.539
3min44sec,8,6000,-8.768,17.539
3min44sec,8,6100,-8.745,17.539
3min44sec,8,6200,-8.725,17.539
3min48sec,8,6300,-8.720,17.538
3min50sec,8,6400,-8.751,17.539
3min49sec,8,6500,-8.772,17.540
3min50sec,8,6600,-8.784,17.540
3min50sec,8,6700,-8.777,17.540
3min49sec,8,6800,-8.747,17.539
3min49sec,8,6900,-8.734,17.538
3min49sec,8,7000,-8.706,17.538
3min49sec,8,7100,-8.676,17.536
3min50sec,8,7200,-8.654,17.535
3min49sec,8,7300,-8.648,17.535
3min49sec,8,7400,-8.634,17.534
3min50sec,8,7500,-8.625,17.534
3min49sec,8,7600,-8.617,17.534
3min50sec,8,7700,-8.613,17.534
3min50sec,8,7800,-8.609,17.534
3min50sec,8,7900,-8.595,17.533
3min50sec,8,8000,-8.599,17.533
3min50sec,8,8100,-8.600,17.533
3min49sec,8,8200,-8.600,17.533
3min50sec,8,8300,-8.604,17.533
3min49sec,8,8400,-8.589,17.533
3min49sec,8,8500,-8.568,17.532
3min50sec,8,8600,-8.565,17.531
3min49sec,8,8700,-8.551,17.531
3min50sec,8,8800,-8.525,17.530
3min50sec,8,8900,-8.522,17.530
3min50sec,8,9000,-8.501,17.530
3min48sec,8,9100,-8.502,17.529
3min49sec,8,9200,-8.494,17.529
3min49sec,8,9300,-8.483,17.529
3min49sec,8,9400,-8.466,17.528
3min49sec,8,9500,-8.464,17.528
3min50sec,8,9600,-8.447,17.527
3min50sec,8,9700,-8.440,17.527
3min49sec,8,9800,-8.422,17.527
3min50sec,8,9900,-8.412,17.527
22min56sec,9,0,-8.911,17.755
3min49sec,9,100,-8.622,17.483
3min49sec,9,200,-8.314,17.465
3min49sec,9,300,-8.450,17.467
3min44sec,9,400,-8.640,17.482
3min49sec,9,500,-8.545,17.486
3min49sec,9,600,-8.477,17.485
3min50sec,9,700,-8.456,17.484
3min50sec,9,800,-8.721,17.489
3min50sec,9,900,-8.652,17.487
3min49sec,9,1000,-8.691,17.488
3min49sec,9,1100,-8.557,17.485
3min50sec,9,1200,-8.564,17.489
3min49sec,9,1300,-8.657,17.491
3min50sec,9,1400,-8.542,17.488
3min49sec,9,1500,-8.485,17.486
3min49sec,9,1600,-8.439,17.485
3min49sec,9,1700,-8.501,17.487
3min50sec,9,1800,-8.481,17.487
3min50sec,9,1900,-8.417,17.486
3min49sec,9,2000,-8.484,17.488
3min49sec,9,2100,-8.530,17.487
3min49sec,9,2200,-8.517,17.487
3min50sec,9,2300,-8.534,17.486
3min50sec,9,2400,-8.531,17.487
3min50sec,9,2500,-8.514,17.486
3min50sec,9,2600,-8.482,17.486
3min49sec,9,2700,-8.493,17.487
3min49sec,9,2800,-8.466,17.487
3min50sec,9,2900,-8.478,17.487
3min50sec,9,3000,-8.486,17.488
3min50sec,9,3100,-8.506,17.488
3min50sec,9,3200,-8.524,17.488
3min49sec,9,3300,-8.533,17.488
3min50sec,9,3400,-8.546,17.489
3min49sec,9,3500,-8.498,17.488
3min50sec,9,3600,-8.506,17.487
3min49sec,9,3700,-8.464,17.487
3min50sec,9,3800,-8.466,17.488
3min41sec,9,3900,-8.447,17.487
3min50sec,9,4000,-8.499,17.489
3min49sec,9,4100,-8.498,17.488
3min50sec,9,4200,-8.505,17.489
3min49sec,9,4300,-8.484,17.488
3min49sec,9,4400,-8.445,17.488
3min49sec,9,4500,-8.431,17.487
3min50sec,9,4600,-8.402,17.487
3min49sec,9,4700,-8.423,17.487
3min50sec,9,4800,-8.425,17.487
3min50sec,9,4900,-8.409,17.487
3min50sec,9,5000,-8.402,17.487
3min50sec,9,5100,-8.432,17.488
3min50sec,9,5200,-8.441,17.489
3min49sec,9,5300,-8.448,17.489
3min50sec,9,5400,-8.445,17.489
3min49sec,9,5500,-8.441,17.488
3min49sec,9,5600,-8.470,17.489
3min49sec,9,5700,-8.468,17.488
3min49sec,9,5800,-8.468,17.488
3min50sec,9,5900,-8.453,17.488
3min50sec,9,6000,-8.429,17.487
3min49sec,9,6100,-8.415,17.487
3min49sec,9,6200,-8.405,17.486
3min50sec,9,6300,-8.359,17.485
3min50sec,9,6400,-8.335,17.484
3min50sec,9,6500,-8.351,17.485
3min50sec,9,6600,-8.358,17.485
3min49sec,9,6700,-8.354,17.485
3min49sec,9,6800,-8.359,17.485
3min49sec,9,6900,-8.351,17.484
3min49sec,9,7000,-8.336,17.484
3min50sec,9,7100,-8.329,17.484
3min50sec,9,7200,-8.336,17.484
3min49sec,9,7300,-8.308,17.483
3min50sec,9,7400,-8.277,17.482
3min50sec,9,7500,-8.286,17.482
3min49sec,9,7600,-8.290,17.482
3min49sec,9,7700,-8.300,17.483
3min49sec,9,7800,-8.297,17.483
3min50sec,9,7900,-8.292,17.483
3min49sec,9,8000,-8.281,17.483
3min50sec,9,8100,-8.256,17.482
3min50sec,9,8200,-8.231,17.481
3min50sec,9,8300,-8.229,17.481
3min50sec,9,8400,-8.222,17.481
3min49sec,9,8500,-8.198,17.481
3min50sec,9,8600,-8.163,17.479
3min50sec,9,8700,-8.155,17.479
3min49sec,9,8800,-8.140,17.478
3min50sec,9,8900,-8.124,17.478
3min50sec,9,9000,-8.094,17.477
3min50sec,9,9100,-8.081,17.476
3min50sec,9,9200,-8.057,17.476
3min50sec,9,9300,-8.053,17.476
3min51sec,9,9400,-8.040,17.475
3min50sec,9,9500,-8.031,17.475
3min50sec,9,9600,-8.019,17.475
3min50sec,9,9700,-8.000,17.475
3min50sec,9,9800,-7.983,17.474
3min50sec,9,9900,-7.956,17.474
22min59sec,10,0,-7.250,17.467
3min51sec,10,100,-8.403,17.455
3min50sec,10,200,-10.400,17.466
3min50sec,10,300,-9.734,17.462
3min49sec,10,400,-9.280,17.451
3min49sec,10,500,-9.280,17.456
3min49sec,10,600,-9.284,17.457
3min50sec,10,700,-9.466,17.454
3min50sec,10,800,-9.412,17.455
3min49sec,10,900,-9.366,17.453
3min50sec,10,1000,-9.389,17.455
3min50sec,10,1100,-9.400,17.455
3min50sec,10,1200,-9.451,17.454
3min50sec,10,1300,-9.491,17.455
3min49sec,10,1400,-9.420,17.454
3min49sec,10,1500,-9.335,17.453
3min50sec,10,1600,-9.320,17.454
3min50sec,10,1700,-9.309,17.452
3min50sec,10,1800,-9.338,17.451
3min50sec,10,1900,-9.336,17.450
3min50sec,10,2000,-9.335,17.449
3min50sec,10,2100,-9.372,17.450
3min50sec,10,2200,-9.325,17.450
3min50sec,10,2300,-9.392,17.453
3min50sec,10,2400,-9.406,17.453
3min50sec,10,2500,-9.378,17.452
3min50sec,10,2600,-9.430,17.454
3min50sec,10,2700,-9.419,17.453
3min50sec,10,2800,-9.399,17.452
3min50sec,10,2900,-9.400,17.451
3min50sec,10,3000,-9.386,17.450
3min50sec,10,3100,-9.395,17.450
3min51sec,10,3200,-9.375,17.450
3min50sec,10,3300,-9.343,17.448
3min50sec,10,3400,-9.323,17.448
3min50sec,10,3500,-9.329,17.448
3min50sec,10,3600,-9.351,17.448
3min50sec,10,3700,-9.343,17.448
3min50sec,10,3800,-9.319,17.447
3min50sec,10,3900,-9.288,17.447
3min50sec,10,4000,-9.265,17.446
3min50sec,10,4100,-9.266,17.446
3min49sec,10,4200,-9.267,17.447
3min49sec,10,4300,-9.256,17.447
3min49sec,10,4400,-9.218,17.446
3min51sec,10,4500,-9.209,17.445
3min50sec,10,4600,-9.191,17.445
3min50sec,10,4700,-9.177,17.445
3min50sec,10,4800,-9.179,17.445
3min50sec,10,4900,-9.208,17.446
3min50sec,10,5000,-9.236,17.447
3min50sec,10,5100,-9.239,17.447
3min50sec,10,5200,-9.225,17.446
3min49sec,10,5300,-9.243,17.447
3min50sec,10,5400,-9.256,17.447
3min51sec,10,5500,-9.256,17.446
3min49sec,10,5600,-9.239,17.447
3min49sec,10,5700,-9.261,17.446
3min49sec,10,5800,-9.268,17.446
3min50sec,10,5900,-9.259,17.446
3min50sec,10,6000,-9.288,17.447
3min50sec,10,6100,-9.275,17.447
3min51sec,10,6200,-9.259,17.446
3min49sec,10,6300,-9.240,17.446
3min50sec,10,6400,-9.251,17.446
3min51sec,10,6500,-9.215,17.445
3min51sec,10,6600,-9.217,17.446
3min51sec,10,6700,-9.204,17.446
3min51sec,10,6800,-9.190,17.445
3min51sec,10,6900,-9.180,17.445
3min51sec,10,7000,-9.172,17.444
3min51sec,10,7100,-9.147,17.444
3min51sec,10,7200,-9.137,17.443
3min51sec,10,7300,-9.119,17.443
3min50sec,10,7400,-9.112,17.443
3min51sec,10,7500,-9.105,17.443
3min50sec,10,7600,-9.096,17.443
3min52sec,10,7700,-9.082,17.442
3min51sec,10,7800,-9.078,17.442
3min50sec,10,7900,-9.071,17.442
3min50sec,10,8000,-9.060,17.441
3min51sec,10,8100,-9.054,17.441
3min51sec,10,8200,-9.051,17.441
3min51sec,10,8300,-9.043,17.441
3min51sec,10,8400,-9.038,17.441
3min51sec,10,8500,-9.028,17.441
3min51sec,10,8600,-9.031,17.441
3min50sec,10,8700,-9.034,17.441
3min51sec,10,8800,-9.047,17.442
3min51sec,10,8900,-9.058,17.442
3min50sec,10,9000,-9.051,17.442
3min51sec,10,9100,-9.045,17.442
3min51sec,10,9200,-9.042,17.442
3min51sec,10,9300,-9.034,17.442
3min51sec,10,9400,-9.016,17.441
3min50sec,10,9500,-9.001,17.442
3min50sec,10,9600,-8.989,17.441
3min51sec,10,9700,-8.985,17.441
3min51sec,10,9800,-8.978,17.441
3min52sec,10,9900,-8.982,17.441
22min42sec,11,0,-10.603,17.566
3min51sec,11,100,-9.048,17.437
3min51sec,11,200,-9.750,17.436
3min51sec,11,300,-9.095,17.426
3min51sec,11,400,-8.853,17.420
3min52sec,11,500,-8.993,17.423
3min51sec,11,600,-9.141,17.428
3min52sec,11,700,-9.023,17.427
3min51sec,11,800,-8.826,17.421
3min51sec,11,900,-8.785,17.420
3min50sec,11,1000,-8.678,17.415
3min51sec,11,1100,-8.569,17.418
3min51sec,11,1200,-8.508,17.415
3min51sec,11,1300,-8.428,17.413
3min51sec,11,1400,-8.436,17.415
3min50sec,11,1500,-8.428,17.415
3min51sec,11,1600,-8.444,17.416
3min51sec,11,1700,-8.466,17.417
3min51sec,11,1800,-8.411,17.415
3min51sec,11,1900,-8.366,17.415
3min51sec,11,2000,-8.335,17.414
3min51sec,11,2100,-8.298,17.414
3min51sec,11,2200,-8.235,17.414
3min51sec,11,2300,-8.230,17.414
3min51sec,11,2400,-8.174,17.412
3min51sec,11,2500,-8.143,17.410
3min51sec,11,2600,-8.096,17.409
3min51sec,11,2700,-8.031,17.407
3min51sec,11,2800,-8.013,17.407
3min52sec,11,2900,-8.021,17.406
3min51sec,11,3000,-8.026,17.407
3min50sec,11,3100,-8.017,17.405
3min51sec,11,3200,-8.024,17.406
3min51sec,11,3300,-8.026,17.407
3min51sec,11,3400,-8.047,17.407
3min51sec,11,3500,-7.986,17.406
3min51sec,11,3600,-7.960,17.405
3min51sec,11,3700,-7.936,17.404
3min50sec,11,3800,-7.934,17.403
3min51sec,11,3900,-7.906,17.403
3min52sec,11,4000,-7.918,17.403
3min51sec,11,4100,-7.919,17.404
3min51sec,11,4200,-7.928,17.404
3min51sec,11,4300,-7.922,17.403
3min51sec,11,4400,-7.912,17.403
3min51sec,11,4500,-7.878,17.402
3min51sec,11,4600,-7.834,17.401
3min52sec,11,4700,-7.819,17.401
3min52sec,11,4800,-7.801,17.401
3min52sec,11,4900,-7.774,17.400
3min51sec,11,5000,-7.806,17.401
3min51sec,11,5100,-7.791,17.401
3min51sec,11,5200,-7.776,17.401
3min50sec,11,5300,-7.766,17.401
3min50sec,11,5400,-7.739,17.401
3min51sec,11,5500,-7.743,17.401
3min52sec,11,5600,-7.767,17.402
3min51sec,11,5700,-7.733,17.401
3min52sec,11,5800,-7.730,17.401
3min51sec,11,5900,-7.724,17.401
3min51sec,11,6000,-7.734,17.401
3min51sec,11,6100,-7.716,17.401
3min51sec,11,6200,-7.745,17.401
3min52sec,11,6300,-7.744,17.401
3min50sec,11,6400,-7.761,17.401
3min50sec,11,6500,-7.780,17.401
3min52sec,11,6600,-7.759,17.401
3min51sec,11,6700,-7.754,17.401
3min51sec,11,6800,-7.723,17.400
3min51sec,11,6900,-7.714,17.400
3min51sec,11,7000,-7.702,17.399
3min51sec,11,7100,-7.691,17.399
3min51sec,11,7200,-7.677,17.398
3min51sec,11,7300,-7.653,17.398
3min51sec,11,7400,-7.628,17.397
3min51sec,11,7500,-7.618,17.397
3min51sec,11,7600,-7.594,17.396
3min50sec,11,7700,-7.578,17.396
3min51sec,11,7800,-7.562,17.395
3min50sec,11,7900,-7.533,17.394
3min51sec,11,8000,-7.514,17.393
3min50sec,11,8100,-7.495,17.392
3min51sec,11,8200,-7.482,17.392
3min50sec,11,8300,-7.479,17.392
3min50sec,11,8400,-7.462,17.391
3min50sec,11,8500,-7.467,17.391
3min49sec,11,8600,-7.454,17.391
3min49sec,11,8700,-7.459,17.391
3min50sec,11,8800,-7.450,17.391
3min50sec,11,8900,-7.459,17.391
3min50sec,11,9000,-7.454,17.391
3min50sec,11,9100,-7.451,17.391
3min50sec,11,9200,-7.447,17.391
3min50sec,11,9300,-7.444,17.391
3min50sec,11,9400,-7.447,17.391
3min50sec,11,9500,-7.437,17.390
3min50sec,11,9600,-7.425,17.390
3min50sec,11,9700,-7.401,17.389
3min50sec,11,9800,-7.391,17.388
3min50sec,11,9900,-7.404,17.389
22min39sec,12,0,-13.934,17.543
3min50sec,12,100,-7.118,17.367
3min49sec,12,200,-6.995,17.370
3min50sec,12,300,-6.970,17.371
3min50sec,12,400,-6.847,17.365
3min49sec,12,500,-6.489,17.358
3min50sec,12,600,-6.412,17.353
3min49sec,12,700,-6.334,17.346
3min50sec,12,800,-6.372,17.348
3min50sec,12,900,-6.347,17.345
3min49sec,12,1000,-6.474,17.351
3min50sec,12,1100,-6.427,17.351
3min49sec,12,1200,-6.321,17.349
3min50sec,12,1300,-6.227,17.349
3min50sec,12,1400,-6.138,17.347
3min49sec,12,1500,-6.185,17.348
3min49sec,12,1600,-6.172,17.348
3min50sec,12,1700,-6.107,17.346
3min50sec,12,1800,-6.082,17.346
3min49sec,12,1900,-6.077,17.345
3min49sec,12,2000,-6.066,17.344
3min49sec,12,2100,-6.022,17.346
3min49sec,12,2200,-6.004,17.344
3min49sec,12,2300,-6.035,17.346
3min50sec,12,2400,-6.011,17.346
3min49sec,12,2500,-6.009,17.347
3min49sec,12,2600,-6.018,17.348
3min50sec,12,2700,-5.992,17.347
3min50sec,12,2800,-6.014,17.347
3min49sec,12,2900,-6.057,17.348
3min50sec,12,3000,-6.098,17.349
3min50sec,12,3100,-6.132,17.351
3min49sec,12,3200,-6.131,17.351
3min49sec,12,3300,-6.107,17.351
3min49sec,12,3400,-6.053,17.349
3min50sec,12,3500,-6.023,17.349
3min49sec,12,3600,-5.979,17.348
3min50sec,12,3700,-5.947,17.347
3min49sec,12,3800,-5.924,17.346
3min49sec,12,3900,-5.887,17.346
3min49sec,12,4000,-5.868,17.346
3min49sec,12,4100,-5.835,17.345
3min49sec,12,4200,-5.812,17.344
3min49sec,12,4300,-5.812,17.343
3min49sec,12,4400,-5.809,17.343
3min49sec,12,4500,-5.814,17.343
3min50sec,12,4600,-5.813,17.343
3min50sec,12,4700,-5.814,17.343
3min50sec,12,4800,-5.835,17.344
3min50sec,12,4900,-5.845,17.344
3min50sec,12,5000,-5.849,17.344
3min50sec,12,5100,-5.863,17.345
3min49sec,12,5200,-5.845,17.345
3min50sec,12,5300,-5.840,17.345
3min50sec,12,5400,-5.837,17.345
3min49sec,12,5500,-5.831,17.345
3min50sec,12,5600,-5.806,17.344
3min49sec,12,5700,-5.777,17.344
3min50sec,12,5800,-5.774,17.343
3min50sec,12,5900,-5.771,17.344
3min50sec,12,6000,-5.782,17.344
3min49sec,12,6100,-5.776,17.344
3min49sec,12,6200,-5.759,17.344
3min49sec,12,6300,-5.746,17.344
3min50sec,12,6400,-5.744,17.344
3min50sec,12,6500,-5.735,17.344
3min50sec,12,6600,-5.717,17.344
3min50sec,12,6700,-5.729,17.344
3min49sec,12,6800,-5.714,17.344
3min49sec,12,6900,-5.700,17.343
3min49sec,12,7000,-5.692,17.343
3min50sec,12,7100,-5.690,17.343
3min50sec,12,7200,-5.682,17.342
3min49sec,12,7300,-5.676,17.342
3min50sec,12,7400,-5.679,17.342
3min50sec,12,7500,-5.670,17.342
3min49sec,12,7600,-5.674,17.342
3min50sec,12,7700,-5.676,17.342
3min50sec,12,7800,-5.698,17.343
3min50sec,12,7900,-5.691,17.343
3min50sec,12,8000,-5.690,17.343
3min49sec,12,8100,-5.683,17.342
3min50sec,12,8200,-5.680,17.342
3min49sec,12,8300,-5.681,17.343
3min50sec,12,8400,-5.678,17.342
3min50sec,12,8500,-5.658,17.342
3min50sec,12,8600,-5.651,17.342
3min49sec,12,8700,-5.651,17.342
3min50sec,12,8800,-5.655,17.342
3min49sec,12,8900,-5.659,17.342
3min49sec,12,9000,-5.655,17.342
3min50sec,12,9100,-5.658,17.342
3min49sec,12,9200,-5.642,17.342
3min50sec,12,9300,-5.628,17.341
3min50sec,12,9400,-5.624,17.341
3min49sec,12,9500,-5.611,17.341
3min50sec,12,9600,-5.602,17.340
3min50sec,12,9700,-5.588,17.340
3min49sec,12,9800,-5.576,17.340
3min49sec,12,9900,-5.568,17.340
22min58sec,13,0,-8.685,17.496
3min49sec,13,100,-7.488,17.334
3min50sec,13,200,-7.535,17.329
3min50sec,13,300,-7.481,17.332
3min50sec,13,400,-7.544,17.344
3min50sec,13,500,-7.555,17.344
3min50sec,13,600,-7.307,17.334
3min49sec,13,700,-7.351,17.336
3min49sec,13,800,-7.407,17.336
3min49sec,13,900,-7.544,17.337
3min49sec,13,1000,-7.515,17.337
3min50sec,13,1100,-7.591,17.339
3min50sec,13,1200,-7.626,17.340
3min50sec,13,1300,-7.728,17.342
3min49sec,13,1400,-7.748,17.343
3min50sec,13,1500,-7.786,17.342
3min49sec,13,1600,-7.758,17.342
3min50sec,13,1700,-7.738,17.339
3min49sec,13,1800,-7.728,17.337
3min50sec,13,1900,-7.750,17.339
3min50sec,13,2000,-7.786,17.339
3min47sec,13,2100,-7.801,17.338
3min49sec,13,2200,-7.795,17.337
3min50sec,13,2300,-7.845,17.338
3min49sec,13,2400,-7.838,17.338
3min49sec,13,2500,-7.856,17.338
3min49sec,13,2600,-7.843,17.337
3min49sec,13,2700,-7.829,17.336
3min49sec,13,2800,-7.812,17.337
3min49sec,13,2900,-7.839,17.337
3min49sec,13,3000,-7.819,17.336
3min50sec,13,3100,-7.837,17.337
3min49sec,13,3200,-7.819,17.336
3min49sec,13,3300,-7.817,17.338
3min49sec,13,3400,-7.792,17.336
3min49sec,13,3500,-7.788,17.336
3min50sec,13,3600,-7.804,17.337
3min50sec,13,3700,-7.811,17.337
3min50sec,13,3800,-7.821,17.338
3min49sec,13,3900,-7.853,17.339
3min50sec,13,4000,-7.846,17.339
3min51sec,13,4100,-7.851,17.339
3min50sec,13,4200,-7.822,17.339
3min50sec,13,4300,-7.796,17.338
3min50sec,13,4400,-7.789,17.337
3min49sec,13,4500,-7.807,17.338
3min49sec,13,4600,-7.829,17.339
3min49sec,13,4700,-7.816,17.339
3min49sec,13,4800,-7.808,17.338
3min50sec,13,4900,-7.789,17.338
3min50sec,13,5000,-7.770,17.337
3min49sec,13,5100,-7.787,17.338
3min49sec,13,5200,-7.771,17.337
3min50sec,13,5300,-7.795,17.338
3min50sec,13,5400,-7.783,17.337
3min50sec,13,5500,-7.772,17.337
3min49sec,13,5600,-7.771,17.337
3min50sec,13,5700,-7.777,17.338
3min49sec,13,5800,-7.754,17.337
3min49sec,13,5900,-7.733,17.336
3min49sec,13,6000,-7.722,17.335
3min49sec,13,6100,-7.725,17.336
3min50sec,13,6200,-7.725,17.336
3min50sec,13,6300,-7.717,17.336
3min49sec,13,6400,-7.689,17.336
3min49sec,13,6500,-7.686,17.336
3min49sec,13,6600,-7.678,17.335
3min49sec,13,6700,-7.670,17.335
3min50sec,13,6800,-7.682,17.335
3min50sec,13,6900,-7.687,17.335
3min49sec,13,7000,-7.687,17.335
3min49sec,13,7100,-7.677,17.335
3min50sec,13,7200,-7.680,17.335
3min50sec,13,7300,-7.675,17.335
3min49sec,13,7400,-7.671,17.335
3min50sec,13,7500,-7.666,17.334
3min50sec,13,7600,-7.656,17.334
3min50sec,13,7700,-7.646,17.334
3min50sec,13,7800,-7.648,17.334
3min49sec,13,7900,-7.642,17.333
3min50sec,13,8000,-7.644,17.333
3min50sec,13,8100,-7.662,17.334
3min50sec,13,8200,-7.662,17.334
3min50sec,13,8300,-7.660,17.334
3min50sec,13,8400,-7.646,17.334
3min50sec,13,8500,-7.629,17.333
3min50sec,13,8600,-7.629,17.333
3min50sec,13,8700,-7.623,17.333
3min50sec,13,8800,-7.631,17.333
3min50sec,13,8900,-7.646,17.334
3min50sec,13,9000,-7.636,17.333
3min50sec,13,9100,-7.627,17.333
3min50sec,13,9200,-7.636,17.334
3min50sec,13,9300,-7.646,17.334
3min50sec,13,9400,-7.657,17.334
3min50sec,13,9500,-7.643,17.334
3min50sec,13,9600,-7.626,17.333
3min50sec,13,9700,-7.615,17.333
3min50sec,13,9800,-7.606,17.332
3min50sec,13,9900,-7.596,17.332
22min46sec,14,0,-7.872,17.305
3min51sec,14,100,-6.090,17.300
3min50sec,14,200,-6.790,17.308
3min50sec,14,300,-6.945,17.325
3min51sec,14,400,-6.809,17.321
3min50sec,14,500,-6.725,17.322
3min51sec,14,600,-6.574,17.314
3min50sec,14,700,-6.588,17.312
3min50sec,14,800,-6.572,17.310
3min50sec,14,900,-6.516,17.305
3min50sec,14,1000,-6.533,17.304
3min50sec,14,1100,-6.537,17.303
3min50sec,14,1200,-6.538,17.304
3min50sec,14,1300,-6.546,17.305
3min49sec,14,1400,-6.658,17.310
3min50sec,14,1500,-6.811,17.312
3min49sec,14,1600,-6.852,17.312
3min49sec,14,1700,-6.835,17.311
3min50sec,14,1800,-6.803,17.310
3min50sec,14,1900,-6.765,17.308
3min51sec,14,2000,-6.681,17.306
3min50sec,14,2100,-6.677,17.305
3min50sec,14,2200,-6.692,17.306
3min50sec,14,2300,-6.681,17.306
3min51sec,14,2400,-6.659,17.306
3min51sec,14,2500,-6.641,17.306
3min51sec,14,2600,-6.606,17.304
3min51sec,14,2700,-6.637,17.305
3min51sec,14,2800,-6.645,17.306
3min51sec,14,2900,-6.655,17.307
3min51sec,14,3000,-6.628,17.307
3min51sec,14,3100,-6.610,17.305
3min51sec,14,3200,-6.595,17.305
3min51sec,14,3300,-6.578,17.305
3min51sec,14,3400,-6.564,17.304
3min51sec,14,3500,-6.574,17.305
3min51sec,14,3600,-6.559,17.304
3min51sec,14,3700,-6.525,17.302
3min51sec,14,3800,-6.490,17.302
3min52sec,14,3900,-6.509,17.302
3min51sec,14,4000,-6.544,17.303
3min51sec,14,4100,-6.558,17.303
3min51sec,14,4200,-6.545,17.302
3min52sec,14,4300,-6.539,17.302
3min51sec,14,4400,-6.518,17.301
3min51sec,14,4500,-6.540,17.302
3min51sec,14,4600,-6.534,17.302
3min51sec,14,4700,-6.536,17.301
3min51sec,14,4800,-6.525,17.301
3min51sec,14,4900,-6.521,17.300
3min51sec,14,5000,-6.513,17.300
3min51sec,14,5100,-6.504,17.300
3min51sec,14,5200,-6.488,17.300
3min51sec,14,5300,-6.500,17.300
3min51sec,14,5400,-6.489,17.300
3min51sec,14,5500,-6.505,17.300
3min52sec,14,5600,-6.514,17.301
3min51sec,14,5700,-6.513,17.301
3min52sec,14,5800,-6.513,17.301
3min51sec,14,5900,-6.510,17.301
3min51sec,14,6000,-6.508,17.302
3min51sec,14,6100,-6.490,17.302
3min51sec,14,6200,-6.474,17.301
3min51sec,14,6300,-6.475,17.302
3min51sec,14,6400,-6.484,17.302
3min51sec,14,6500,-6.471,17.302
3min51sec,14,6600,-6.458,17.301
3min51sec,14,6700,-6.449,17.301
3min51sec,14,6800,-6.450,17.301
3min51sec,14,6900,-6.441,17.301
3min51sec,14,7000,-6.420,17.300
3min51sec,14,7100,-6.415,17.299
3min51sec,14,7200,-6.399,17.298
3min51sec,14,7300,-6.392,17.298
3min51sec,14,7400,-6.386,17.298
3min51sec,14,7500,-6.404,17.298
3min51sec,14,7600,-6.432,17.299
3min51sec,14,7700,-6.430,17.299
3min51sec,14,7800,-6.435,17.299
3min51sec,14,7900,-6.458,17.300
3min50sec,14,8000,-6.459,17.300
3min50sec,14,8100,-6.454,17.299
3min51sec,14,8200,-6.453,17.299
3min51sec,14,8300,-6.479,17.300
3min51sec,14,8400,-6.484,17.300
3min51sec,14,8500,-6.478,17.300
3min51sec,14,8600,-6.463,17.300
3min51sec,14,8700,-6.462,17.300
3min51sec,14,8800,-6.459,17.299
3min51sec,14,8900,-6.458,17.299
3min51sec,14,9000,-6.463,17.300
3min51sec,14,9100,-6.460,17.300
3min51sec,14,9200,-6.449,17.299
3min51sec,14,9300,-6.433,17.299
3min50sec,14,9400,-6.421,17.298
3min52sec,14,9500,-6.414,17.298
3min51sec,14,9600,-6.408,17.298
3min52sec,14,9700,-6.402,17.298
3min52sec,14,9800,-6.388,17.298
3min50sec,14,9900,-6.376,17.298
22min49sec,15,0,-7.006,17.016
3min51sec,15,100,-6.505,17.307
3min51sec,15,200,-6.043,17.307
3min51sec,15,300,-6.094,17.308
3min51sec,15,400,-5.850,17.289
3min50sec,15,500,-5.671,17.282
3min51sec,15,600,-5.515,17.277
3min51sec,15,700,-5.495,17.272
3min51sec,15,800,-5.553,17.273
3min51sec,15,900,-5.613,17.271
3min51sec,15,1000,-5.626,17.273
3min50sec,15,1100,-5.571,17.269
3min50sec,15,1200,-5.573,17.269
3min51sec,15,1300,-5.617,17.272
3min51sec,15,1400,-5.666,17.276
3min52sec,15,1500,-5.667,17.277
3min51sec,15,1600,-5.587,17.273
3min51sec,15,1700,-5.598,17.274
3min51sec,15,1800,-5.761,17.278
3min51sec,15,1900,-5.809,17.278
3min51sec,15,2000,-5.802,17.277
3min51sec,15,2100,-5.812,17.277
3min51sec,15,2200,-5.785,17.275
3min51sec,15,2300,-5.731,17.273
3min52sec,15,2400,-5.720,17.275
3min51sec,15,2500,-5.689,17.273
3min51sec,15,2600,-5.726,17.273
3min51sec,15,2700,-5.767,17.275
3min50sec,15,2800,-5.788,17.276
3min51sec,15,2900,-5.768,17.275
3min50sec,15,3000,-5.813,17.277
3min51sec,15,3100,-5.821,17.277
3min51sec,15,3200,-5.811,17.277
3min50sec,15,3300,-5.828,17.278
3min50sec,15,3400,-5.852,17.278
3min50sec,15,3500,-5.846,17.278
3min50sec,15,3600,-5.835,17.278
3min50sec,15,3700,-5.820,17.276
3min50sec,15,3800,-5.809,17.276
3min49sec,15,3900,-5.790,17.275
3min49sec,15,4000,-5.765,17.275
3min50sec,15,4100,-5.753,17.274
3min49sec,15,4200,-5.750,17.275
3min49sec,15,4300,-5.731,17.275
3min49sec,15,4400,-5.742,17.275
3min49sec,15,4500,-5.718,17.274
3min49sec,15,4600,-5.703,17.274
3min49sec,15,4700,-5.698,17.274
3min49sec,15,4800,-5.696,17.274
3min49sec,15,4900,-5.683,17.273
3min49sec,15,5000,-5.677,17.273
3min49sec,15,5100,-5.665,17.273
3min49sec,15,5200,-5.652,17.272
3min49sec,15,5300,-5.626,17.271
3min49sec,15,5400,-5.618,17.272
3min50sec,15,5500,-5.603,17.271
3min50sec,15,5600,-5.598,17.271
3min49sec,15,5700,-5.594,17.271
3min50sec,15,5800,-5.585,17.271
3min49sec,15,5900,-5.581,17.271
3min49sec,15,6000,-5.570,17.270
3min49sec,15,6100,-5.556,17.270
3min49sec,15,6200,-5.559,17.270
3min49sec,15,6300,-5.543,17.269
3min49sec,15,6400,-5.531,17.269
3min50sec,15,6500,-5.537,17.270
3min49sec,15,6600,-5.538,17.269
3min50sec,15,6700,-5.542,17.270
3min50sec,15,6800,-5.537,17.270
3min50sec,15,6900,-5.534,17.271
3min49sec,15,7000,-5.513,17.270
3min49sec,15,7100,-5.500,17.270
3min49sec,15,7200,-5.496,17.270
3min49sec,15,7300,-5.487,17.270
3min49sec,15,7400,-5.478,17.270
3min49sec,15,7500,-5.470,17.269
3min50sec,15,7600,-5.477,17.269
3min49sec,15,7700,-5.468,17.269
3min50sec,15,7800,-5.468,17.269
3min48sec,15,7900,-5.466,17.268
3min49sec,15,8000,-5.462,17.268
3min50sec,15,8100,-5.457,17.268
3min49sec,15,8200,-5.451,17.268
3min49sec,15,8300,-5.438,17.268
3min50sec,15,8400,-5.445,17.268
3min49sec,15,8500,-5.432,17.268
3min49sec,15,8600,-5.429,17.268
3min49sec,15,8700,-5.424,17.268
3min50sec,15,8800,-5.431,17.268
3min49sec,15,8900,-5.415,17.268
3min50sec,15,9000,-5.401,17.267
3min49sec,15,9100,-5.388,17.267
3min49sec,15,9200,-5.376,17.266
3min49sec,15,9300,-5.368,17.266
3min49sec,15,9400,-5.378,17.266
3min50sec,15,9500,-5.372,17.267
3min49sec,15,9600,-5.362,17.266
3min49sec,15,9700,-5.348,17.266
3min49sec,15,9800,-5.341,17.265
3min49sec,15,9900,-5.348,17.266
23min0sec,16,0,-7.516,17.186
3min50sec,16,100,-6.222,17.240
3min50sec,16,200,-5.850,17.242
3min49sec,16,300,-6.026,17.254
3min50sec,16,400,-5.987,17.252
3min50sec,16,500,-5.922,17.250
3min50sec,16,600,-5.816,17.244
3min49sec,16,700,-5.746,17.242
3min50sec,16,800,-5.928,17.242
3min50sec,16,900,-6.007,17.244
3min49sec,16,1000,-6.073,17.246
3min50sec,16,1100,-6.105,17.248
3min49sec,16,1200,-6.091,17.249
3min49sec,16,1300,-6.003,17.247
3min49sec,16,1400,-6.015,17.249
3min50sec,16,1500,-6.019,17.249
3min49sec,16,1600,-5.954,17.249
3min49sec,16,1700,-5.975,17.250
3min49sec,16,1800,-6.015,17.252
3min49sec,16,1900,-6.024,17.253
3min50sec,16,2000,-6.060,17.253
3min49sec,16,2100,-6.067,17.253
3min49sec,16,2200,-6.058,17.252
3min49sec,16,2300,-6.097,17.253
3min49sec,16,2400,-6.129,17.254
3min49sec,16,2500,-6.142,17.254
3min49sec,16,2600,-6.185,17.255
3min50sec,16,2700,-6.193,17.256
3min49sec,16,2800,-6.186,17.256
3min49sec,16,2900,-6.200,17.254
3min50sec,16,3000,-6.186,17.253
3min50sec,16,3100,-6.188,17.253
3min49sec,16,3200,-6.155,17.253
3min49sec,16,3300,-6.155,17.252
3min49sec,16,3400,-6.160,17.253
3min49sec,16,3500,-6.171,17.253
3min49sec,16,3600,-6.171,17.253
3min49sec,16,3700,-6.147,17.253
3min49sec,16,3800,-6.161,17.253
3min50sec,16,3900,-6.137,17.252
3min49sec,16,4000,-6.133,17.252
3min50sec,16,4100,-6.118,17.252
3min50sec,16,4200,-6.102,17.252
3min49sec,16,4300,-6.129,17.253
3min49sec,16,4400,-6.143,17.254
3min50sec,16,4500,-6.160,17.254
3min49sec,16,4600,-6.163,17.254
3min49sec,16,4700,-6.142,17.253
3min49sec,16,4800,-6.115,17.253
3min50sec,16,4900,-6.116,17.253
3min49sec,16,5000,-6.103,17.253
3min50sec,16,5100,-6.073,17.252
3min49sec,16,5200,-6.078,17.253
3min49sec,16,5300,-6.069,17.253
3min50sec,16,5400,-6.048,17.253
3min50sec,16,5500,-6.032,17.252
3min50sec,16,5600,-6.015,17.252
3min50sec,16,5700,-6.021,17.252
3min49sec,16,5800,-6.024,17.252
3min50sec,16,5900,-6.027,17.253
3min48sec,16,6000,-6.022,17.252
3min49sec,16,6100,-5.995,17.251
3min50sec,16,6200,-5.982,17.251
3min49sec,16,6300,-5.969,17.250
3min50sec,16,6400,-5.967,17.251
3min49sec,16,6500,-5.980,17.251
3min50sec,16,6600,-5.974,17.251
3min50sec,16,6700,-5.955,17.250
3min50sec,16,6800,-5.976,17.250
3min49sec,16,6900,-5.981,17.251
3min49sec,16,7000,-5.976,17.251
3min49sec,16,7100,-5.963,17.250
3min49sec,16,7200,-5.945,17.249
3min49sec,16,7300,-5.934,17.249
3min49sec,16,7400,-5.928,17.249
3min49sec,16,7500,-5.929,17.249
3min49sec,16,7600,-5.914,17.248
3min49sec,16,7700,-5.905,17.248
3min49sec,16,7800,-5.895,17.247
3min50sec,16,7900,-5.888,17.247
3min49sec,16,8000,-5.883,17.247
3min50sec,16,8100,-5.873,17.247
3min50sec,16,8200,-5.866,17.247
3min49sec,16,8300,-5.857,17.246
3min49sec,16,8400,-5.860,17.246
3min49sec,16,8500,-5.863,17.246
3min50sec,16,8600,-5.863,17.246
3min50sec,16,8700,-5.856,17.246
3min49sec,16,8800,-5.847,17.245
3min49sec,16,8900,-5.843,17.245
3min50sec,16,9000,-5.836,17.245
3min49sec,16,9100,-5.831,17.245
3min49sec,16,9200,-5.831,17.245
3min50sec,16,9300,-5.825,17.245
3min49sec,16,9400,-5.815,17.245
3min49sec,16,9500,-5.806,17.244
3min50sec,16,9600,-5.802,17.244
3min50sec,16,9700,-5.800,17.244
3min50sec,16,9800,-5.816,17.244
3min50sec,16,9900,-5.815,17.244
23min9sec,17,0,-7.598,17.339
3min51sec,17,100,-8.199,17.317
3min50sec,17,200,-7.138,17.278
3min50sec,17,300,-6.808,17.258
3min50sec,17,400,-6.567,17.248
3min50sec,17,500,-6.712,17.256
3min50sec,17,600,-6.775,17.251
3min50sec,17,700,-6.729,17.253
3min50sec,17,800,-6.655,17.250
3min50sec,17,900,-6.591,17.247
3min50sec,17,1000,-6.657,17.251
3min51sec,17,1100,-6.640,17.247
3min50sec,17,1200,-6.528,17.243
3min49sec,17,1300,-6.447,17.239
3min50sec,17,1400,-6.467,17.236
3min50sec,17,1500,-6.486,17.236
3min50sec,17,1600,-6.438,17.233
3min49sec,17,1700,-6.434,17.233
3min50sec,17,1800,-6.430,17.233
3min50sec,17,1900,-6.430,17.232
3min50sec,17,2000,-6.474,17.234
3min47sec,17,2100,-6.526,17.235
3min50sec,17,2200,-6.550,17.237
3min51sec,17,2300,-6.566,17.238
3min50sec,17,2400,-6.585,17.238
3min51sec,17,2500,-6.566,17.238
3min51sec,17,2600,-6.522,17.237
3min50sec,17,2700,-6.511,17.236
3min51sec,17,2800,-6.508,17.236
3min51sec,17,2900,-6.534,17.238
3min50sec,17,3000,-6.549,17.239
3min50sec,17,3100,-6.525,17.239
3min50sec,17,3200,-6.524,17.239
3min50sec,17,3300,-6.515,17.239
3min50sec,17,3400,-6.521,17.239
3min50sec,17,3500,-6.502,17.239
3min50sec,17,3600,-6.487,17.238
3min50sec,17,3700,-6.493,17.238
3min50sec,17,3800,-6.473,17.237
3min50sec,17,3900,-6.446,17.237
3min50sec,17,4000,-6.423,17.236
3min50sec,17,4100,-6.429,17.236
3min50sec,17,4200,-6.415,17.236
3min51sec,17,4300,-6.392,17.235
3min50sec,17,4400,-6.397,17.235
3min50sec,17,4500,-6.384,17.235
3min51sec,17,4600,-6.390,17.235
3min50sec,17,4700,-6.397,17.234
3min50sec,17,4800,-6.446,17.236
3min51sec,17,4900,-6.454,17.236
3min50sec,17,5000,-6.439,17.235
3min50sec,17,5100,-6.410,17.234
3min51sec,17,5200,-6.387,17.233
3min50sec,17,5300,-6.412,17.234
3min50sec,17,5400,-6.403,17.234
3min50sec,17,5500,-6.399,17.234
3min50sec,17,5600,-6.401,17.234
3min50sec,17,5700,-6.393,17.234
3min50sec,17,5800,-6.389,17.234
3min50sec,17,5900,-6.369,17.233
3min51sec,17,6000,-6.352,17.233
3min50sec,17,6100,-6.337,17.232
3min50sec,17,6200,-6.338,17.232
3min50sec,17,6300,-6.322,17.232
3min50sec,17,6400,-6.308,17.231
3min50sec,17,6500,-6.303,17.231
3min51sec,17,6600,-6.295,17.231
3min50sec,17,6700,-6.275,17.230
3min50sec,17,6800,-6.263,17.230
3min50sec,17,6900,-6.246,17.230
3min50sec,17,7000,-6.249,17.230
3min50sec,17,7100,-6.248,17.231
3min50sec,17,7200,-6.241,17.231
3min50sec,17,7300,-6.233,17.230
3min50sec,17,7400,-6.244,17.231
3min50sec,17,7500,-6.247,17.231
3min50sec,17,7600,-6.238,17.231
3min51sec,17,7700,-6.247,17.231
3min50sec,17,7800,-6.249,17.231
3min51sec,17,7900,-6.226,17.230
3min51sec,17,8000,-6.227,17.230
3min50sec,17,8100,-6.213,17.229
3min50sec,17,8200,-6.212,17.229
3min50sec,17,8300,-6.223,17.230
3min50sec,17,8400,-6.208,17.229
3min50sec,17,8500,-6.212,17.229
3min50sec,17,8600,-6.197,17.228
3min50sec,17,8700,-6.200,17.229
3min51sec,17,8800,-6.211,17.229
3min50sec,17,8900,-6.210,17.229
3min49sec,17,9000,-6.197,17.229
3min49sec,17,9100,-6.189,17.228
3min51sec,17,9200,-6.195,17.228
3min50sec,17,9300,-6.193,17.228
3min50sec,17,9400,-6.187,17.228
3min50sec,17,9500,-6.175,17.229
3min50sec,17,9600,-6.170,17.228
3min50sec,17,9700,-6.162,17.228
3min50sec,17,9800,-6.162,17.228
3min50sec,17,9900,-6.156,17.228
23min4sec,18,0,-8.019,17.418
3min50sec,18,100,-5.476,17.202
3min50sec,18,200,-5.718,17.191
3min50sec,18,300,-6.225,17.217
3min50sec,18,400,-6.111,17.205
3min50sec,18,500,-6.035,17.196
3min49sec,18,600,-6.102,17.198
3min50sec,18,700,-6.074,17.197
3min50sec,18,800,-5.970,17.193
3min50sec,18,900,-6.004,17.198
3min50sec,18,1000,-6.088,17.203
3min51sec,18,1100,-6.093,17.202
3min50sec,18,1200,-6.062,17.202
3min51sec,18,1300,-6.130,17.205
3min50sec,18,1400,-6.125,17.204
3min50sec,18,1500,-6.119,17.205
3min50sec,18,1600,-6.135,17.205
3min50sec,18,1700,-6.136,17.204
3min50sec,18,1800,-6.094,17.203
3min50sec,18,1900,-6.052,17.202
3min50sec,18,2000,-6.046,17.202
3min50sec,18,2100,-6.027,17.200
3min49sec,18,2200,-5.980,17.200
3min49sec,18,2300,-6.003,17.201
3min51sec,18,2400,-6.049,17.202
3min50sec,18,2500,-6.030,17.201
3min51sec,18,2600,-6.061,17.201
3min50sec,18,2700,-6.129,17.204
3min50sec,18,2800,-6.151,17.204
3min50sec,18,2900,-6.178,17.206
3min50sec,18,3000,-6.196,17.206
3min50sec,18,3100,-6.209,17.206
3min50sec,18,3200,-6.206,17.206
3min50sec,18,3300,-6.186,17.206
3min50sec,18,3400,-6.254,17.209
3min51sec,18,3500,-6.283,17.210
3min50sec,18,3600,-6.278,17.210
3min50sec,18,3700,-6.260,17.210
3min50sec,18,3800,-6.273,17.211
3min50sec,18,3900,-6.272,17.211
3min49sec,18,4000,-6.258,17.211
3min51sec,18,4100,-6.259,17.211
3min50sec,18,4200,-6.241,17.210
3min50sec,18,4300,-6.229,17.210
3min50sec,18,4400,-6.206,17.209
3min49sec,18,4500,-6.199,17.209
3min51sec,18,4600,-6.194,17.209
3min50sec,18,4700,-6.205,17.209
3min50sec,18,4800,-6.180,17.209
3min51sec,18,4900,-6.162,17.208
3min51sec,18,5000,-6.159,17.208
3min50sec,18,5100,-6.155,17.208
3min51sec,18,5200,-6.162,17.208
3min50sec,18,5300,-6.154,17.208
3min50sec,18,5400,-6.136,17.207
3min50sec,18,5500,-6.137,17.207
3min50sec,18,5600,-6.139,17.208
3min50sec,18,5700,-6.133,17.207
3min50sec,18,5800,-6.115,17.207
3min50sec,18,5900,-6.103,17.207
3min50sec,18,6000,-6.088,17.206
3min49sec,18,6100,-6.063,17.205
3min50sec,18,6200,-6.044,17.204
3min50sec,18,6300,-6.046,17.204
3min50sec,18,6400,-6.043,17.204
3min50sec,18,6500,-6.047,17.204
3min50sec,18,6600,-6.036,17.204
3min50sec,18,6700,-6.018,17.203
3min49sec,18,6800,-6.004,17.203
3min50sec,18,6900,-5.996,17.202
3min50sec,18,7000,-5.984,17.202
3min50sec,18,7100,-5.983,17.202
3min50sec,18,7200,-5.993,17.202
3min50sec,18,7300,-6.000,17.202
3min50sec,18,7400,-6.007,17.202
3min50sec,18,7500,-5.992,17.202
3min50sec,18,7600,-5.985,17.201
3min50sec,18,7700,-5.978,17.200
3min50sec,18,7800,-5.986,17.201
3min50sec,18,7900,-5.991,17.200
3min49sec,18,8000,-6.001,17.201
3min50sec,18,8100,-6.010,17.201
3min50sec,18,8200,-6.001,17.201
3min50sec,18,8300,-5.988,17.200
3min50sec,18,8400,-5.977,17.200
3min50sec,18,8500,-5.967,17.200
3min50sec,18,8600,-5.967,17.200
3min50sec,18,8700,-5.961,17.200
3min50sec,18,8800,-5.951,17.200
3min50sec,18,8900,-5.942,17.199
3min50sec,18,9000,-5.937,17.199
3min50sec,18,9100,-5.932,17.199
3min50sec,18,9200,-5.940,17.199
3min50sec,18,9300,-5.955,17.199
3min50sec,18,9400,-5.961,17.200
3min50sec,18,9500,-5.961,17.200
3min49sec,18,9600,-5.965,17.200
3min50sec,18,9700,-5.978,17.200
3min50sec,18,9800,-5.965,17.200
3min50sec,18,9900,-5.965,17.200
22min46sec,19,0,-5.055,17.469
3min51sec,19,100,-5.370,17.184
3min50sec,19,200,-4.850,17.160
3min49sec,19,300,-4.834,17.156
3min50sec,19,400,-4.681,17.150
3min50sec,19,500,-4.690,17.151
3min50sec,19,600,-4.777,17.158
3min50sec,19,700,-4.834,17.161
3min50sec,19,800,-4.892,17.167
3min50sec,19,900,-4.941,17.169
3min50sec,19,1000,-4.893,17.168
3min50sec,19,1100,-4.900,17.168
3min50sec,19,1200,-4.970,17.172
3min50sec,19,1300,-4.975,17.171
3min50sec,19,1400,-5.007,17.171
3min50sec,19,1500,-5.060,17.173
3min49sec,19,1600,-5.073,17.171
3min49sec,19,1700,-5.075,17.171
3min50sec,19,1800,-5.046,17.170
3min51sec,19,1900,-5.074,17.171
3min50sec,19,2000,-5.075,17.171
3min50sec,19,2100,-5.097,17.171
3min50sec,19,2200,-5.079,17.171
3min50sec,19,2300,-5.077,17.171
3min51sec,19,2400,-5.059,17.170
3min50sec,19,2500,-5.039,17.169
3min50sec,19,2600,-5.056,17.169
3min50sec,19,2700,-5.089,17.171
3min50sec,19,2800,-5.101,17.171
3min51sec,19,2900,-5.103,17.171
3min50sec,19,3000,-5.114,17.171
3min50sec,19,3100,-5.104,17.171
3min50sec,19,3200,-5.119,17.171
3min50sec,19,3300,-5.132,17.172
3min50sec,19,3400,-5.151,17.171
3min50sec,19,3500,-5.181,17.172
3min50sec,19,3600,-5.178,17.172
3min50sec,19,3700,-5.173,17.172
3min50sec,19,3800,-5.160,17.172
3min50sec,19,3900,-5.165,17.173
3min50sec,19,4000,-5.170,17.173
3min50sec,19,4100,-5.184,17.173
3min50sec,19,4200,-5.192,17.173
3min49sec,19,4300,-5.211,17.174
3min50sec,19,4400,-5.212,17.174
3min49sec,19,4500,-5.219,17.174
3min50sec,19,4600,-5.220,17.174
3min50sec,19,4700,-5.226,17.174
3min50sec,19,4800,-5.224,17.174
3min50sec,19,4900,-5.253,17.175
3min50sec,19,5000,-5.272,17.175
3min50sec,19,5100,-5.290,17.176
3min50sec,19,5200,-5.305,17.177
3min50sec,19,5300,-5.325,17.178
3min50sec,19,5400,-5.353,17.179
3min50sec,19,5500,-5.417,17.181
3min50sec,19,5600,-5.450,17.182
3min50sec,19,5700,-5.472,17.182
3min50sec,19,5800,-5.485,17.183
3min50sec,19,5900,-5.515,17.183
3min49sec,19,6000,-5.522,17.184
3min49sec,19,6100,-5.520,17.183
3min49sec,19,6200,-5.508,17.183
3min50sec,19,6300,-5.517,17.184
3min50sec,19,6400,-5.509,17.183
3min49sec,19,6500,-5.513,17.184
3min50sec,19,6600,-5.509,17.183
3min50sec,19,6700,-5.494,17.183
3min49sec,19,6800,-5.484,17.183
3min49sec,19,6900,-5.472,17.182
3min49sec,19,7000,-5.462,17.181
3min50sec,19,7100,-5.471,17.182
3min50sec,19,7200,-5.463,17.181
3min50sec,19,7300,-5.460,17.181
3min49sec,19,7400,-5.470,17.181
3min50sec,19,7500,-5.468,17.181
3min49sec,19,7600,-5.473,17.181
3min50sec,19,7700,-5.467,17.181
3min50sec,19,7800,-5.460,17.180
3min50sec,19,7900,-5.454,17.180
3min50sec,19,8000,-5.470,17.181
3min50sec,19,8100,-5.481,17.181
3min49sec,19,8200,-5.479,17.181
3min50sec,19,8300,-5.481,17.181
3min50sec,19,8400,-5.480,17.181
3min49sec,19,8500,-5.469,17.181
3min50sec,19,8600,-5.462,17.181
3min49sec,19,8700,-5.459,17.181
3min50sec,19,8800,-5.462,17.181
3min50sec,19,8900,-5.461,17.181
3min50sec,19,9000,-5.450,17.180
3min50sec,19,9100,-5.444,17.180
3min50sec,19,9200,-5.445,17.180
3min50sec,19,9300,-5.441,17.180
3min49sec,19,9400,-5.434,17.179
3min50sec,19,9500,-5.431,17.179
3min49sec,19,9600,-5.422,17.179
3min49sec,19,9700,-5.423,17.179
3min50sec,19,9800,-5.425,17.180
3min49sec,19,9900,-5.419,17.179
